filter	value	motif	Epithelial	Endothelial	Mesenchymal/stromal	Muscle	Hematopoietic	Neuronal	Glial	Stem/progenitor	Germ line	Trophoblast/placental	Other
cell_phenotype(exact)	k_count	root	608.1666666666667	151.5	251.16666666666666	91.0	1442.1666666666663	509.8333333333332	104.16666666666666	320.0	95.0	81.0	81.0
cell_phenotype(exact)	k_count	anatomical	405.5	136.0	134.5	64.0	257.0	212.5	35.0	142.0	4.0	34.5	54.0
cell_phenotype(exact)	k_count	lineage	213.5	159.0	61.5	4.0	237.66666666666669	35.16666666666667	29.166666666666668	171.0	27.0	25.0	10.0
cell_phenotype(exact)	k_count	developmental	65.66666666666666	1.0	31.166666666666668	8.0	265.83333333333337	69.5	13.333333333333332	247.0	48.0	24.5	7.0
cell_phenotype(exact)	k_count	appearance	158.33333333333331	21.5	42.83333333333333	11.0	194.83333333333331	163.66666666666666	8.833333333333332	5.0	6.0	13.0	10.0
cell_phenotype(exact)	k_count	role	29.0	2.0	7.0	6.0	413.5	73.5	0	4.0	13.0	2.0	17.0
cell_phenotype(exact)	k_count	variant	82.5	17.0	7.0	8.0	297.33333333333337	35.83333333333333	4.833333333333334	8.0	7.0	1.5	1.0
cell_phenotype(exact)	k_count	molecular signaling	44.5	7.0	6.0	2.0	92.5	114.5	6.0	6.0	4.0	4.5	4.0
cell_phenotype(exact)	k_count	molecular signature	24.5	1.0	8.0	2.0	550.3333333333333	33.83333333333333	3.333333333333333	6.0	0	0	0
cell_phenotype(exact)	k_count	eponym	28.0	3.0	4.0	2.0	31.666666666666668	21.666666666666664	33.66666666666667	11.0	0	3.0	0
cell_phenotype(exact)	k_count	species	10.0	18.0	5.0	6.0	16.333333333333332	5.333333333333333	4.333333333333333	28.0	13.0	2.0	2.0
cell_phenotype(exact)	k_count	state	12.5	2.0	7.0	3.0	306.50000000000006	17.000000000000004	5.0	12.0	2.0	1.0	0
cell_phenotype(exact)	k_count	disease	7.5	8.0	5.0	1.0	43.5	7.5	0	5.0	0	5.5	2.0
cell_phenotype(exact)	k_count	stimulus	0	0	0	0	1.0	4.0	0	0	0	0	0
cell_phenotype(exact)	k_count	unknown token	44.5	2.0	8.5	2.0	113.83333333333334	16.333333333333332	2.333333333333333	9.0	2.0	2.5	1.0
filter	value	motif	Epithelial	Endothelial	Mesenchymal/stromal	Muscle	Hematopoietic	Neuronal	Glial	Stem/progenitor	Germ line	Trophoblast/placental	Other
cell_phenotype(exact)	rate	root	0.35069678039404134	0.28638941398865786	0.4340437788018433	0.43333333333333335	0.33821919949968726	0.3861886125489206	0.4166666666666666	0.32854209445585214	0.4298642533936652	0.405	0.42857142857142855
cell_phenotype(exact)	rate	anatomical	0.23382988947621336	0.2570888468809074	0.2324308755760369	0.3047619047619048	0.0602720450281426	0.16096452468122716	0.13999999999999999	0.1457905544147844	0.01809954751131222	0.1725	0.2857142857142857
cell_phenotype(exact)	rate	lineage	0.12311388755406054	0.3005671077504726	0.10627880184331798	0.01904761904761905	0.055737961225766124	0.026638050751167795	0.11666666666666665	0.175564681724846	0.12217194570135746	0.125	0.05291005291005291
cell_phenotype(exact)	rate	developmental	0.037866410379625175	0.001890359168241966	0.0538594470046083	0.0380952380952381	0.062343652282676694	0.05264486807221312	0.05333333333333332	0.2535934291581109	0.2171945701357466	0.1225	0.037037037037037035
cell_phenotype(exact)	rate	appearance	0.09130225852955308	0.04064272211720227	0.07402073732718893	0.05238095238095238	0.04569262038774234	0.12397424567605103	0.03533333333333333	0.00513347022587269	0.027149321266968326	0.065	0.05291005291005291
cell_phenotype(exact)	rate	role	0.01672272945699183	0.003780718336483932	0.012096774193548388	0.02857142857142857	0.09697467166979364	0.055674788536800926	0.0	0.004106776180698152	0.058823529411764705	0.01	0.08994708994708994
cell_phenotype(exact)	rate	variant	0.04757328207592503	0.03213610586011342	0.012096774193548388	0.0380952380952381	0.0697310819262039	0.027143037495265754	0.019333333333333334	0.008213552361396304	0.03167420814479638	0.0075	0.005291005291005291
cell_phenotype(exact)	rate	molecular signaling	0.025660740028832292	0.013232514177693762	0.010368663594470046	0.009523809523809525	0.021693245778611637	0.08673147329882593	0.023999999999999997	0.006160164271047228	0.01809954751131222	0.0225	0.021164021164021163
cell_phenotype(exact)	rate	molecular signature	0.014127823161941373	0.001890359168241966	0.013824884792626729	0.009523809523809525	0.12906504065040653	0.025628077262971852	0.01333333333333333	0.006160164271047228	0.0	0.0	0.0
cell_phenotype(exact)	rate	eponym	0.016146083613647284	0.005671077504725898	0.0069124423963133645	0.009523809523809525	0.007426516572858038	0.016412069183183945	0.13466666666666666	0.011293634496919919	0.0	0.015	0.0
cell_phenotype(exact)	rate	species	0.005766458433445459	0.034026465028355386	0.008640552995391706	0.02857142857142857	0.003830519074421514	0.00403989395278374	0.01733333333333333	0.028747433264887063	0.058823529411764705	0.01	0.010582010582010581
cell_phenotype(exact)	rate	state	0.007208073041806823	0.003780718336483932	0.012096774193548388	0.014285714285714285	0.07188086303939965	0.012877161974498176	0.019999999999999997	0.012320328542094456	0.00904977375565611	0.005	0.0
cell_phenotype(exact)	rate	disease	0.004324843825084094	0.015122873345935728	0.008640552995391706	0.004761904761904762	0.010201688555347093	0.005681100871102135	0.0	0.00513347022587269	0.0	0.0275	0.010582010582010581
cell_phenotype(exact)	rate	stimulus	0.0	0.0	0.0	0.0	0.00023452157598499067	0.0030299204645878055	0.0	0.0	0.0	0.0	0.0
cell_phenotype(exact)	rate	unknown token	0.025660740028832292	0.003780718336483932	0.0146889400921659	0.009523809523809525	0.026696372732958107	0.012372175230400205	0.00933333333333333	0.009240246406570842	0.00904977375565611	0.0125	0.005291005291005291
filter	value	motif	Epithelial	Endothelial	Mesenchymal/stromal	Muscle	Hematopoietic	Neuronal	Glial	Stem/progenitor	Germ line	Trophoblast/placental	Other
cell_phenotype(exact)	comp_rate	root	0.3567335243553006	0.3567335243553006	0.3567335243553006	0.3567335243553006	0.3567335243553006	0.3567335243553006	0.3567335243553006	0.3567335243553006	0.3567335243553006	0.3567335243553006	0.3567335243553006
cell_phenotype(exact)	comp_rate	anatomical	0.1412607449856733	0.1412607449856733	0.1412607449856733	0.1412607449856733	0.1412607449856733	0.1412607449856733	0.1412607449856733	0.1412607449856733	0.1412607449856733	0.1412607449856733	0.1412607449856733
cell_phenotype(exact)	comp_rate	lineage	0.09293218720152811	0.09293218720152811	0.09293218720152811	0.09293218720152811	0.09293218720152811	0.09293218720152811	0.09293218720152811	0.09293218720152811	0.09293218720152811	0.09293218720152811	0.09293218720152811
cell_phenotype(exact)	comp_rate	developmental	0.07459407831900665	0.07459407831900665	0.07459407831900665	0.07459407831900665	0.07459407831900665	0.07459407831900665	0.07459407831900665	0.07459407831900665	0.07459407831900665	0.07459407831900665	0.07459407831900665
cell_phenotype(exact)	comp_rate	appearance	0.06064947468958927	0.06064947468958927	0.06064947468958927	0.06064947468958927	0.06064947468958927	0.06064947468958927	0.06064947468958927	0.06064947468958927	0.06064947468958927	0.06064947468958927	0.06064947468958927
cell_phenotype(exact)	comp_rate	role	0.05415472779369625	0.05415472779369625	0.05415472779369625	0.05415472779369625	0.05415472779369625	0.05415472779369625	0.05415472779369625	0.05415472779369625	0.05415472779369625	0.05415472779369625	0.05415472779369625
cell_phenotype(exact)	comp_rate	variant	0.044890162368672375	0.044890162368672375	0.044890162368672375	0.044890162368672375	0.044890162368672375	0.044890162368672375	0.044890162368672375	0.044890162368672375	0.044890162368672375	0.044890162368672375	0.044890162368672375
cell_phenotype(exact)	comp_rate	molecular signaling	0.027793696275071618	0.027793696275071618	0.027793696275071618	0.027793696275071618	0.027793696275071618	0.027793696275071618	0.027793696275071618	0.027793696275071618	0.027793696275071618	0.027793696275071618	0.027793696275071618
cell_phenotype(exact)	comp_rate	molecular signature	0.060076408787010475	0.060076408787010475	0.060076408787010475	0.060076408787010475	0.060076408787010475	0.060076408787010475	0.060076408787010475	0.060076408787010475	0.060076408787010475	0.060076408787010475	0.060076408787010475
cell_phenotype(exact)	comp_rate	eponym	0.013180515759312315	0.013180515759312315	0.013180515759312315	0.013180515759312315	0.013180515759312315	0.013180515759312315	0.013180515759312315	0.013180515759312315	0.013180515759312315	0.013180515759312315	0.013180515759312315
cell_phenotype(exact)	comp_rate	species	0.010506208213944598	0.010506208213944598	0.010506208213944598	0.010506208213944598	0.010506208213944598	0.010506208213944598	0.010506208213944598	0.010506208213944598	0.010506208213944598	0.010506208213944598	0.010506208213944598
cell_phenotype(exact)	comp_rate	state	0.03514804202483284	0.03514804202483284	0.03514804202483284	0.03514804202483284	0.03514804202483284	0.03514804202483284	0.03514804202483284	0.03514804202483284	0.03514804202483284	0.03514804202483284	0.03514804202483284
cell_phenotype(exact)	comp_rate	disease	0.008118433619866281	0.008118433619866281	0.008118433619866281	0.008118433619866281	0.008118433619866281	0.008118433619866281	0.008118433619866281	0.008118433619866281	0.008118433619866281	0.008118433619866281	0.008118433619866281
cell_phenotype(exact)	comp_rate	stimulus	0.00047755491881566357	0.00047755491881566357	0.00047755491881566357	0.00047755491881566357	0.00047755491881566357	0.00047755491881566357	0.00047755491881566357	0.00047755491881566357	0.00047755491881566357	0.00047755491881566357	0.00047755491881566357
cell_phenotype(exact)	comp_rate	unknown token	0.019484240687679077	0.019484240687679077	0.019484240687679077	0.019484240687679077	0.019484240687679077	0.019484240687679077	0.019484240687679077	0.019484240687679077	0.019484240687679077	0.019484240687679077	0.019484240687679077
filter	value	motif	Epithelial	Endothelial	Mesenchymal/stromal	Muscle	Hematopoietic	Neuronal	Glial	Stem/progenitor	Germ line	Trophoblast/placental	Other
cell_phenotype(exact)	pvalue	root	0.6161593658248663	0.0007734997548080728	0.00015579519379005553	0.02528799788706687	0.011544926274704215	0.02505010303133598	0.05540419476530779	0.07085147676788545	0.024669813852469864	0.1609767605256191	0.0405688464675075
cell_phenotype(exact)	pvalue	anatomical	7.148825850481324e-25	2.1959824495506187e-12	7.507110683381782e-09	1.080644790521324e-09	1.4876726412278638e-63	0.04805689066013663	1.0	0.6788682523140295	3.83701389450457e-10	0.26309682819700136	2.8865356294195446e-07
cell_phenotype(exact)	pvalue	lineage	2.8341139845971024e-05	2.57658200575855e-41	0.25151458800187726	2.370061306938635e-05	4.646232787705833e-19	6.92529129377355e-22	0.22928773221084736	1.2074110167617499e-15	0.13230073381399832	0.14194633939977735	0.05957547272756992
cell_phenotype(exact)	pvalue	developmental	3.1120016051835967e-10	1.583433320916231e-16	0.057132139700346016	0.04732690529762108	0.0021972407425421272	0.0023309471674539863	0.2267028416497086	1.5526193979890698e-65	1.7817613606996712e-11	0.0210933875758702	0.05127020654004011
cell_phenotype(exact)	pvalue	appearance	5.7628061519105e-07	0.06811979774591437	0.1638558236043287	0.7717285484170473	2.57847685187769e-05	1.0741820931061656e-17	0.11145839268504498	4.855078672951042e-20	0.033651506165036156	0.766217830472917	0.7615979600978589
cell_phenotype(exact)	pvalue	role	2.91297492459138e-15	1.4111571395937806e-10	1.8450521277588334e-07	0.12476738467353503	2.840613655936322e-29	0.7608877341543334	1.782216379581771e-06	2.3806648629529195e-18	0.7650359333532559	0.002484082436606681	0.036110126846928124
cell_phenotype(exact)	pvalue	variant	0.6018431306057421	0.1722527259662699	1.8990799376155946e-05	0.8667054313887954	4.298559587145912e-13	0.001363072437901997	0.06440069205316121	3.784225099767404e-11	0.41775504143320885	0.009786983482924352	0.0039845090029128885
cell_phenotype(exact)	pvalue	molecular signaling	0.6087647970129126	0.04536968754759955	0.00733126490517385	0.13733704011641568	0.011847449116348364	1.4385516590026995e-25	1.0	2.027678261422705e-06	0.5367245630465463	0.6672836127592312	0.8232954073143495
cell_phenotype(exact)	pvalue	molecular signature	8.13645937856724e-22	3.4032619080676006e-13	5.90655829380417e-08	0.00040347697805133875	7.355370674569598e-62	7.53725138550181e-09	0.000269782161466159	9.073587515685234e-19	2.568706272599123e-06	7.977776529775328e-06	1.8211912677575496e-05
cell_phenotype(exact)	pvalue	eponym	0.2904154776798973	0.17699244383022153	0.26900163831990165	1.0	0.0005912885442783714	0.27492573894850864	8.10647614822348e-24	0.7775678712894394	0.1273529807661245	0.750088858218406	0.187760804250803
cell_phenotype(exact)	pvalue	species	0.057910929449907646	1.8779872927517414e-05	0.838631334384506	0.024506204447906358	1.2430462249971532e-06	0.013928992199199623	0.3406820076574042	2.933728959721033e-06	8.410285083424253e-07	1.0	0.727375006041526
cell_phenotype(exact)	pvalue	state	2.4024697659877993e-14	2.4903920117769683e-06	0.00097112130850734	0.12962781811864935	1.0586678543280666e-30	9.509164759244196e-07	0.23016183063530782	1.6838345788377854e-05	0.02733154699967148	0.011526280536810853	0.0023005687051583347
cell_phenotype(exact)	pvalue	disease	0.10845877816443127	0.08324124312006806	0.8145279514868835	1.0	0.12330412134788041	0.5372317147104526	0.27783493895777744	0.372945724886519	0.4326443686182193	0.0062160806619298995	0.6685789748353776
cell_phenotype(exact)	pvalue	stimulus	1.0	1.0	1.0	1.0	0.7293540561836249	0.003982726760561338	1.0	1.0	1.0	1.0	1.0
cell_phenotype(exact)	pvalue	unknown token	0.08159314592418429	0.004036823780481686	0.44906217408361715	0.45002066755091263	0.0010539774678639583	0.05740214504865725	0.2515609787502622	0.019428320255047378	0.45696268371543786	0.601551503661403	0.2809495566964217
filter	value	motif	Epithelial	Endothelial	Mesenchymal/stromal	Muscle	Hematopoietic	Neuronal	Glial	Stem/progenitor	Germ line	Trophoblast/placental	Other
cell_phenotype(exact)	qvalue	root	0.9618686382125806	0.00338833963389377	0.0007635507022383909	0.0767948402091908	0.03941198969640405	0.07654198148463771	0.14744664735928686	0.17802782233554973	0.07584818544703469	0.34346334681112695	0.11520681149294795
cell_phenotype(exact)	qvalue	anatomical	1.4744453316617732e-23	2.312790026654375e-11	6.116294157087534e-08	9.725803114691916e-09	4.602487233798704e-62	0.13040746397796124	1.0	1.0	3.517262736629189e-09	0.5028298453958134	2.1325897560636933e-06
cell_phenotype(exact)	qvalue	lineage	0.00014924323642293252	7.085600515836013e-40	0.4845240641298824	0.00012892091724556312	6.96934918155875e-18	1.2696367371918175e-20	0.45755062716657574	1.532483213582221e-14	0.2910616143907963	0.30723340732745325	0.15500794310804283
cell_phenotype(exact)	qvalue	developmental	2.9064920652186424e-09	2.062630246982985e-15	0.15113862659087945	0.13040746397796124	0.00898871212858143	0.009380641039753848	0.4543235085692541	5.12364401336393e-64	1.837441403221536e-10	0.06566809339657703	0.13718244452605324
cell_phenotype(exact)	qvalue	appearance	4.1341870220227495e-06	0.17291948658578263	0.34810571967443227	1.0	0.00013724150985800607	1.477000378020978e-16	0.25699930375274016	8.287117045209537e-19	0.09856506243605265	1.0	1.0
cell_phenotype(exact)	qvalue	role	3.6048064691818326e-14	1.3433130463440796e-09	1.405078158831727e-06	0.27945635933665086	6.695732188992759e-28	1.0	1.1607856682802324e-05	3.366940306176272e-17	1.0	0.009916296823550863	0.10332088317473655
cell_phenotype(exact)	qvalue	variant	0.9487654447447209	0.3598757425495311	0.0001044493965688577	1.0	4.625623903559188e-12	0.005717973362385495	0.16603303419955623	3.8228396416017653e-10	0.7245910893464228	0.03411659735244756	0.015408843409702186
cell_phenotype(exact)	qvalue	molecular signaling	0.9566303953060056	0.12616851312394256	0.02668364800044894	0.3008045790160432	0.04008315027062709	3.096013353071027e-24	1.0	1.3035074537717388e-05	0.8844994384713484	1.0	1.0
cell_phenotype(exact)	qvalue	molecular signature	1.4384097829967083e-20	3.7435880988743606e-12	4.715719928117845e-07	0.0018665523750973148	2.141710872889383e-60	6.116294157087534e-08	0.0012840593262091222	1.3210075941953502e-17	1.6095058290336277e-05	4.64588162616328e-05	0.00010361950316551575
cell_phenotype(exact)	qvalue	eponym	0.5324283757464784	0.36712647664081915	0.5121377344936588	1.0	0.0026822928051398413	0.5174457824316038	1.605082277348249e-22	1.0	0.28396272738392625	1.0	0.38725665876728116
cell_phenotype(exact)	qvalue	species	0.15167148189261526	0.0001044493965688577	1.0	0.07581607001071029	8.31497136991339e-06	0.04609302664994275	0.6154656707679382	1.7928343642739646e-05	5.782070994854174e-06	1.0	1.0
cell_phenotype(exact)	qvalue	state	2.702778486736274e-13	1.5804410843969224e-05	0.004144009031992528	0.287738878783549	2.6202029394619643e-29	6.447995281953256e-06	0.45755062716657574	9.691838564240741e-05	0.0815758226773403	0.03941198969640405	0.009334274664371933
cell_phenotype(exact)	qvalue	disease	0.2532410150537428	0.2032940992606372	1.0	1.0	0.27743427303273094	0.8844994384713484	0.5189746972984899	0.6664553567466674	0.7384791809173054	0.02296238751981567	1.0
cell_phenotype(exact)	qvalue	stimulus	1.0	1.0	1.0	1.0	1.0	0.015408843409702186	1.0	1.0	1.0	1.0	1.0
cell_phenotype(exact)	qvalue	unknown token	0.20093834444015535	0.015490137762313448	0.7602738240194599	0.7602738240194599	0.0044591354409629	0.15113862659087945	0.4845240641298824	0.06125489507164619	0.7693759470719106	0.9487654447447209	0.5223227906322918
filter	value	motif	Epithelial	Endothelial	Mesenchymal/stromal	Muscle	Hematopoietic	Neuronal	Glial	Stem/progenitor	Germ line	Trophoblast/placental	Other
cell_phenotype(related)	k_count	root	165.16666666666666	75.66666666666666	156.83333333333334	17.5	726.0000000000001	287.3333333333334	56.166666666666686	159.16666666666666	26.5	31.583333333333332	51.08333333333333
cell_phenotype(related)	k_count	anatomical	100.25	40.5	56.58333333333333	9.5	167.00000000000003	151.66666666666669	24.25	98.66666666666667	3.0	11.75	38.83333333333333
cell_phenotype(related)	k_count	lineage	45.33333333333333	62.16666666666667	46.75	4.0	109.33333333333333	22.583333333333332	12.833333333333334	74.16666666666667	4.5	5.333333333333333	13.0
cell_phenotype(related)	k_count	developmental	50.583333333333336	15.5	28.166666666666664	3.5	114.3333333333333	34.5	12.583333333333336	162.99999999999997	20.5	8.333333333333334	12.0
cell_phenotype(related)	k_count	appearance	49.25	7.0	15.75	5.0	117.5	55.0	6.5	16.0	2.0	6.0	12.0
cell_phenotype(related)	k_count	role	7.5	2.0	19.0	1.0	174.16666666666666	59.666666666666664	6.666666666666667	7.0	4.0	0	5.0
cell_phenotype(related)	k_count	variant	11.25	4.0	9.25	2.0	86.16666666666666	34.16666666666667	8.666666666666668	3.5	7.0	2.0	1.0
cell_phenotype(related)	k_count	molecular signaling	12.5	11.5	4.0	0	45.333333333333336	78.83333333333333	2.833333333333333	9.0	0	0.5	3.5
cell_phenotype(related)	k_count	molecular signature	43.166666666666664	13.166666666666666	38.5	0	386.1666666666666	71.16666666666667	9.166666666666666	36.166666666666664	0	4.833333333333334	10.666666666666666
cell_phenotype(related)	k_count	eponym	13.0	2.0	2.0	0	11.5	12.0	6.5	4.5	2.0	0.5	1.0
cell_phenotype(related)	k_count	species	2.0	2.5	2.5	4.0	5.0	2.0	0	3.0	1.0	1.0	1.0
cell_phenotype(related)	k_count	state	5.666666666666666	7.5	18.0	0.5	200.16666666666666	17.666666666666668	4.666666666666666	15.5	1.0	2.0	3.333333333333333
cell_phenotype(related)	k_count	disease	17.833333333333336	4.0	25.833333333333336	0	92.66666666666667	2.8333333333333335	4.333333333333333	13.0	1.0	2.0	2.5
cell_phenotype(related)	k_count	stimulus	0	0	1.0	0	1.0	11.0	0	0	0	0	0
cell_phenotype(related)	k_count	unknown token	17.5	3.0	2.0	1.0	58.833333333333336	26.833333333333336	7.333333333333333	10.166666666666666	0	3.3333333333333335	1.0
filter	value	motif	Epithelial	Endothelial	Mesenchymal/stromal	Muscle	Hematopoietic	Neuronal	Glial	Stem/progenitor	Germ line	Trophoblast/placental	Other
cell_phenotype(related)	rate	root	0.3052988293284042	0.30206254158349966	0.36800938599921784	0.3645833333333333	0.3163168978287706	0.3313154607475738	0.3456410256410258	0.25972259994560787	0.36551724137931035	0.3989473684210526	0.327632282202031
cell_phenotype(related)	rate	anatomical	0.18530499075785584	0.16167664670658685	0.13277278060226827	0.19791666666666666	0.07276160046474475	0.1748822907658307	0.14923076923076922	0.16100081588251294	0.041379310344827586	0.14842105263157893	0.2490646712987707
cell_phenotype(related)	rate	lineage	0.08379544054220578	0.24817032601463743	0.10969886585842784	0.08333333333333333	0.047636337230411725	0.026040165273373685	0.07897435897435898	0.12102257274952409	0.06206896551724138	0.06736842105263158	0.08337787279529664
cell_phenotype(related)	rate	developmental	0.09349969192852742	0.061876247504990024	0.06609307782557684	0.07291666666666667	0.0498148282622903	0.03978091669068896	0.07743589743589745	0.26597769921131353	0.2827586206896552	0.10526315789473685	0.07696419027258151
cell_phenotype(related)	rate	appearance	0.09103512014787431	0.02794411177644711	0.03695737192021901	0.10416666666666667	0.05119453924914675	0.06341885269530123	0.04	0.026108240413380477	0.027586206896551724	0.07578947368421052	0.07696419027258151
cell_phenotype(related)	rate	role	0.013863216266173753	0.007984031936127746	0.04458349628470864	0.020833333333333332	0.07588410427710404	0.06879984625732678	0.041025641025641026	0.011422355180853959	0.05517241379310345	0.0	0.03206841261357563
cell_phenotype(related)	rate	variant	0.020794824399260628	0.01596806387225549	0.021705123191239732	0.041666666666666664	0.037542662116040945	0.03939656000768713	0.053333333333333344	0.0057111775904269795	0.09655172413793103	0.02526315789473684	0.006413682522715126
cell_phenotype(related)	rate	molecular signaling	0.02310536044362292	0.04590818363273454	0.009385999217833398	0.0	0.01975165202236584	0.09090035552993175	0.017435897435897435	0.014685885232526518	0.0	0.00631578947368421	0.02244788882950294
cell_phenotype(related)	rate	molecular signature	0.07979051139864449	0.05256154357950765	0.09034024247164646	0.0	0.16825212402875603	0.08206015182088978	0.056410256410256404	0.05901550176774545	0.0	0.06105263157894737	0.068412613575628
cell_phenotype(related)	rate	eponym	0.024029574861367836	0.007984031936127746	0.004692999608916699	0.0	0.0050105293733207455	0.013836840588065722	0.04	0.007342942616263259	0.027586206896551724	0.00631578947368421	0.006413682522715126
cell_phenotype(related)	rate	species	0.0036968576709796672	0.009980039920159682	0.0058662495111458735	0.08333333333333333	0.002178491031878585	0.002306140098010954	0.0	0.00489529507750884	0.013793103448275862	0.01263157894736842	0.006413682522715126
cell_phenotype(related)	rate	state	0.010474430067775722	0.029940119760479045	0.04223699648025029	0.010416666666666666	0.08721225764287269	0.020370904199096762	0.028717948717948714	0.025292357900462338	0.013793103448275862	0.02526315789473684	0.02137894174238375
cell_phenotype(related)	rate	disease	0.03296364756623537	0.01596806387225549	0.06061791161517403	0.0	0.04037470045748311	0.003267031805515518	0.026666666666666665	0.021212945335871636	0.013793103448275862	0.02526315789473684	0.016034206306787816
cell_phenotype(related)	rate	stimulus	0.0	0.0	0.0023464998044583495	0.0	0.000435698206375717	0.012683770539060247	0.0	0.0	0.0	0.0	0.0
cell_phenotype(related)	rate	unknown token	0.03234750462107209	0.011976047904191617	0.004692999608916699	0.020833333333333332	0.02563357780843802	0.030940712981646967	0.045128205128205125	0.016589611096002176	0.0	0.042105263157894736	0.006413682522715126
filter	value	motif	Epithelial	Endothelial	Mesenchymal/stromal	Muscle	Hematopoietic	Neuronal	Glial	Stem/progenitor	Germ line	Trophoblast/placental	Other
cell_phenotype(related)	comp_rate	root	0.35069678039404134	0.28638941398865786	0.4340437788018433	0.43333333333333335	0.33821919949968726	0.3861886125489206	0.4166666666666666	0.32854209445585214	0.4298642533936652	0.405	0.42857142857142855
cell_phenotype(related)	comp_rate	anatomical	0.23382988947621336	0.2570888468809074	0.2324308755760369	0.3047619047619048	0.0602720450281426	0.16096452468122716	0.13999999999999999	0.1457905544147844	0.01809954751131222	0.1725	0.2857142857142857
cell_phenotype(related)	comp_rate	lineage	0.12311388755406054	0.3005671077504726	0.10627880184331798	0.01904761904761905	0.055737961225766124	0.026638050751167795	0.11666666666666665	0.175564681724846	0.12217194570135746	0.125	0.05291005291005291
cell_phenotype(related)	comp_rate	developmental	0.037866410379625175	0.001890359168241966	0.0538594470046083	0.0380952380952381	0.062343652282676694	0.05264486807221312	0.05333333333333332	0.2535934291581109	0.2171945701357466	0.1225	0.037037037037037035
cell_phenotype(related)	comp_rate	appearance	0.09130225852955308	0.04064272211720227	0.07402073732718893	0.05238095238095238	0.04569262038774234	0.12397424567605103	0.03533333333333333	0.00513347022587269	0.027149321266968326	0.065	0.05291005291005291
cell_phenotype(related)	comp_rate	role	0.01672272945699183	0.003780718336483932	0.012096774193548388	0.02857142857142857	0.09697467166979364	0.055674788536800926	0.0	0.004106776180698152	0.058823529411764705	0.01	0.08994708994708994
cell_phenotype(related)	comp_rate	variant	0.04757328207592503	0.03213610586011342	0.012096774193548388	0.0380952380952381	0.0697310819262039	0.027143037495265754	0.019333333333333334	0.008213552361396304	0.03167420814479638	0.0075	0.005291005291005291
cell_phenotype(related)	comp_rate	molecular signaling	0.025660740028832292	0.013232514177693762	0.010368663594470046	0.009523809523809525	0.021693245778611637	0.08673147329882593	0.023999999999999997	0.006160164271047228	0.01809954751131222	0.0225	0.021164021164021163
cell_phenotype(related)	comp_rate	molecular signature	0.014127823161941373	0.001890359168241966	0.013824884792626729	0.009523809523809525	0.12906504065040653	0.025628077262971852	0.01333333333333333	0.006160164271047228	0.0	0.0	0.0
cell_phenotype(related)	comp_rate	eponym	0.016146083613647284	0.005671077504725898	0.0069124423963133645	0.009523809523809525	0.007426516572858038	0.016412069183183945	0.13466666666666666	0.011293634496919919	0.0	0.015	0.0
cell_phenotype(related)	comp_rate	species	0.005766458433445459	0.034026465028355386	0.008640552995391706	0.02857142857142857	0.003830519074421514	0.00403989395278374	0.01733333333333333	0.028747433264887063	0.058823529411764705	0.01	0.010582010582010581
cell_phenotype(related)	comp_rate	state	0.007208073041806823	0.003780718336483932	0.012096774193548388	0.014285714285714285	0.07188086303939965	0.012877161974498176	0.019999999999999997	0.012320328542094456	0.00904977375565611	0.005	0.0
cell_phenotype(related)	comp_rate	disease	0.004324843825084094	0.015122873345935728	0.008640552995391706	0.004761904761904762	0.010201688555347093	0.005681100871102135	0.0	0.00513347022587269	0.0	0.0275	0.010582010582010581
cell_phenotype(related)	comp_rate	stimulus	0.0	0.0	0.0	0.0	0.00023452157598499067	0.0030299204645878055	0.0	0.0	0.0	0.0	0.0
cell_phenotype(related)	comp_rate	unknown token	0.025660740028832292	0.003780718336483932	0.0146889400921659	0.009523809523809525	0.026696372732958107	0.012372175230400205	0.00933333333333333	0.009240246406570842	0.00904977375565611	0.0125	0.005291005291005291
filter	value	motif	Epithelial	Endothelial	Mesenchymal/stromal	Muscle	Hematopoietic	Neuronal	Glial	Stem/progenitor	Germ line	Trophoblast/placental	Other
cell_phenotype(related)	pvalue	root	0.02719850060126475	0.5296203378346916	0.006191790751639207	0.46804878383743986	0.027356740534219173	0.0008062019769802305	0.06732802282277489	0.00021414112689020716	0.28404985313722175	1.0	0.011903480989458955
cell_phenotype(related)	pvalue	anatomical	0.0070256898431485856	0.00028155379182258215	3.89099886723648e-07	0.16079942733597838	0.013967583833315984	0.24809025382049504	0.7343876420826816	0.2766551467895132	0.1421342429858319	0.7657418870480237	0.375393380034679
cell_phenotype(related)	pvalue	lineage	0.003896443322791727	0.07294016698376304	0.7533951343352737	0.013162139486243033	0.09205064329099813	1.0	0.1772590462972844	0.00024021349895514827	0.10294335105303695	0.12327304948863059	0.10359708281748196
cell_phenotype(related)	pvalue	developmental	5.020999427680254e-09	1.1950494572845207e-19	0.28173774767438775	0.10956813813633229	0.010823550286206225	0.079970628419481	0.1570257097632947	0.4863251725007486	0.2515101557011437	0.7308182706597606	0.016531541662439066
cell_phenotype(related)	pvalue	appearance	1.0	0.42062318253866054	0.0028760098379834054	0.10527978601478115	0.19342015975059468	6.2829307044325815e-09	0.8303754903821681	2.0457371587408185e-07	0.7230695601401191	0.6455452765582486	0.20547089523041348
cell_phenotype(related)	pvalue	role	0.8671514272670482	0.24404555900079342	1.731804688838519e-06	1.0	0.00047294574996494334	0.08799114756398568	0.0	0.014475333982040258	1.0	1.0	0.007392831402208807
cell_phenotype(related)	pvalue	variant	0.0015946053775892258	0.20487671152978731	0.11214515072846844	0.7053411828486756	5.850303734292849e-11	0.03575362435378135	0.004533073452308867	0.8238343553099481	0.007810766013577569	0.11893191408261206	0.5628977579856416
cell_phenotype(related)	pvalue	molecular signaling	0.7846068895798601	0.00015154004123379917	1.0	1.0	0.5659898472951354	0.6292968276376099	1.0	0.015112288785679169	0.643721278099179	0.42833117336483373	0.576147334659453
cell_phenotype(related)	pvalue	molecular signature	2.844761725791715e-19	4.524432056121936e-15	3.34641157496438e-19	1.0	6.865309522374295e-08	3.8163015470712877e-17	0.00036153552313339594	1.7527741372790246e-23	1.0	0.0	0.0
cell_phenotype(related)	pvalue	eponym	0.1671386206168077	0.6559721915486861	1.0	1.0	0.2720639239198173	0.6873613116203985	4.593309788176821e-05	0.3391803312290971	0.0	0.6354607219384252	0.0
cell_phenotype(related)	pvalue	species	0.7758592289673972	0.020875962804918144	0.5962615253977277	0.04797475927944896	0.23763617184500618	0.5946600608391124	0.12298618490490304	4.7621668729946225e-05	0.1304628423457194	0.5479563497335244	1.0
cell_phenotype(related)	pvalue	state	0.2971623496946927	6.27399090542035e-06	6.702314395399881e-06	1.0	0.005945231143308024	0.04839107830195316	0.26305050617198494	0.0051430386710577475	0.48032411639042166	0.05981114572451753	0.0
cell_phenotype(related)	pvalue	disease	6.094654935187232e-11	0.793600142377785	2.1043305077284885e-14	1.0	6.148713231602939e-28	0.6457792391101288	0.0	2.4413620726322595e-05	0.0	1.0	0.6826327153167513
cell_phenotype(related)	pvalue	stimulus	1.0	1.0	0.0	1.0	0.4162544771584958	9.136356032179519e-05	1.0	1.0	1.0	1.0	1.0
cell_phenotype(related)	pvalue	unknown token	0.27366925936254904	0.07015183212288909	0.10309126257751505	0.36829555767904987	0.8458489507806799	1.8447346678898294e-05	0.0008940601152732549	0.08454693307752224	1.0	0.07685403778520036	0.5628977579856416
filter	value	motif	Epithelial	Endothelial	Mesenchymal/stromal	Muscle	Hematopoietic	Neuronal	Glial	Stem/progenitor	Germ line	Trophoblast/placental	Other
cell_phenotype(related)	qvalue	root	0.0815758226773403	0.8797384806314509	0.02296238751981567	0.7853699932187551	0.0815758226773403	0.003500613847414159	0.17179057369728643	0.0010392142922612995	0.5226939676688653	1.0	0.04008315027062709
cell_phenotype(related)	qvalue	anatomical	0.025760862758211482	0.001327325018592173	2.8324182930618494e-06	0.34346334681112695	0.04609302664994275	0.4845240641298824	1.0	0.5187284002303373	0.30723340732745325	1.0	0.6684162702056335
cell_phenotype(related)	qvalue	lineage	0.0153074559109675	0.1823504174594076	1.0	0.044022020578988526	0.2211896525681751	1.0	0.36712647664081915	0.0011544240969203728	0.2441635166309567	0.27743427303273094	0.24419312378406463
cell_phenotype(related)	qvalue	developmental	4.2851633046581476e-08	1.971831604519459e-18	0.5223227906322918	0.2546301801759835	0.037466135606098475	0.19792730533821545	0.33794663622969945	0.8105419541679143	0.4845240641298824	1.0	0.053137098200696994
cell_phenotype(related)	qvalue	appearance	1.0	0.7254650709290488	0.011388998958414285	0.24698338425268562	0.3969605063151678	5.271272370668013e-08	1.0	1.5343028690556139e-06	1.0	0.9866071708626968	0.4151350740369578
cell_phenotype(related)	qvalue	role	1.0	0.47937520518013	1.1429910946334224e-05	1.0	0.002167668020672657	0.2124664294837703	0.0	0.04745225378218495	1.0	1.0	0.026711325139367588
cell_phenotype(related)	qvalue	variant	0.006633022368963586	0.4151350740369578	0.25699930375274016	1.0	5.79180069694992e-10	0.10323484415257293	0.017260548914560685	1.0	0.02781531781813595	0.2712963017091842	0.910569902623832
cell_phenotype(related)	qvalue	molecular signaling	1.0	0.0007501232041073059	1.0	1.0	0.9125894931957395	0.9734435302519276	1.0	0.04921436150599467	0.9866071708626968	0.7361942042208081	0.9208662419254985
cell_phenotype(related)	qvalue	molecular signature	4.542442110538384e-18	5.462424067756971e-14	5.1764804050230256e-18	1.0	5.394171767579804e-07	5.105592610271048e-16	0.0016883026787833113	3.3370122998196816e-22	1.0	0.0	0.0
cell_phenotype(related)	qvalue	eponym	0.35356246668940094	0.9990961071279989	1.0	1.0	0.5159833039858605	1.0	0.00023684253595286734	0.6149973038769343	0.0	0.9799160665405623	0.0
cell_phenotype(related)	qvalue	species	1.0	0.06540254169895242	0.9459918431790872	0.13040746397796124	0.4705196202531122	0.9459918431790872	0.27743427303273094	0.00024301779403426165	0.28829958464790667	0.8951762149112032	1.0
cell_phenotype(related)	qvalue	state	0.5407917760987974	3.7417174676904496e-05	3.949578125860644e-05	1.0	0.02229461678740509	0.13040746397796124	0.5028298453958134	0.01943361940590523	0.8032447216664147	0.15500794310804283	0.0
cell_phenotype(related)	qvalue	disease	5.91540037826996e-10	1.0	2.4224269798269806e-13	1.0	1.3834604771106613e-26	0.9866071708626968	0.0	0.00013135589412532266	0.0	1.0	1.0
cell_phenotype(related)	qvalue	stimulus	1.0	1.0	0.0	1.0	0.7245910893464228	0.0004568178016089759	1.0	1.0	1.0	1.0	1.0
cell_phenotype(related)	qvalue	unknown token	0.5170468831468007	0.17716916786137804	0.2441635166309567	0.6605300762722089	1.0	0.0001037663250688029	0.0038483457135674885	0.20515064643810546	1.0	0.19116959147574966	0.910569902623832
filter	value	motif	Epithelial	Endothelial	Mesenchymal/stromal	Muscle	Hematopoietic	Neuronal	Glial	Stem/progenitor	Germ line	Trophoblast/placental	Other
cell_hetero	k_count	root	46.083333333333336	3.9166666666666665	27.499999999999993	0.5	80.02777777777776	26.9265873015873	5.652777777777778	19.0	1.0	0.5	156.89285714285717
cell_hetero	k_count	anatomical	33.66666666666666	3.666666666666667	10.416666666666666	0.5	39.36111111111111	20.676587301587304	2.6527777777777777	7.999999999999999	1.0	0.5	84.55952380952381
cell_hetero	k_count	lineage	10.25	2.5	23.75	0	20.944444444444443	0.9444444444444443	0.1111111111111111	4.833333333333333	0	0	23.666666666666664
cell_hetero	k_count	developmental	0.8333333333333333	0	1.0	0	5.166666666666667	1.0	0	8.333333333333334	0	0	13.666666666666668
cell_hetero	k_count	appearance	2.0	0.5	1.0	0	25.0	2.0	0	0	0	0	4.5
cell_hetero	k_count	role	1.5	0.25	0	0	19.5	4.25	0	0	0	0	17.5
cell_hetero	k_count	variant	3.0	0	0	0	1.0	0	0.5	0.5	0	0	5.0
cell_hetero	k_count	molecular signaling	2.5	0	4.0	0	2.5	2.0	0	1.0	0	0	2.0
cell_hetero	k_count	molecular signature	5.25	0	2.5	0	5.666666666666666	1.25	0.5	2.5	0	0	17.333333333333336
cell_hetero	k_count	eponym	1.0	0.5	1.0	0	1.0	0	0	0	0	0	1.5
cell_hetero	k_count	species	0.5	0	0	0	1.0	0	0	0	0	0	0.5
cell_hetero	k_count	state	1.0	0	0.5	0	4.833333333333333	1.0	0	0.5	0	0	9.166666666666666
cell_hetero	k_count	disease	23.750000000000004	1.5	3.4166666666666665	0	16.416666666666668	0.2916666666666667	5.041666666666666	11.0	0	0	107.58333333333331
cell_hetero	k_count	stimulus	0	0	0	0	0	1.0	0	0	0	0	0
cell_hetero	k_count	unknown token	1.5	0	1.0	0	2.0	1.0	0	1.0	0	0	6.5
filter	value	motif	Epithelial	Endothelial	Mesenchymal/stromal	Muscle	Hematopoietic	Neuronal	Glial	Stem/progenitor	Germ line	Trophoblast/placental	Other
cell_hetero	rate	root	0.3469259723964868	0.3051948051948052	0.36144578313253006	0.5	0.3566035400420844	0.43193608962729557	0.39097022094140255	0.33529411764705885	0.5	0.5	0.34836509740688854
cell_hetero	rate	anatomical	0.25345043914680043	0.2857142857142857	0.13691128148959475	0.5	0.17539299418244833	0.33167828384098796	0.18347742555235352	0.1411764705882353	0.5	0.5	0.18775607306177472
cell_hetero	rate	lineage	0.07716436637390213	0.1948051948051948	0.31215772179627604	0.0	0.09332838222552296	0.01515006842993093	0.007684918347742555	0.08529411764705883	0.0	0.0	0.05254949644471464
cell_hetero	rate	developmental	0.006273525721455457	0.0	0.013143483023001097	0.0	0.02302265131823246	0.016041248925809222	0.0	0.14705882352941177	0.0	0.0	0.030345483862440854
cell_hetero	rate	appearance	0.015056461731493099	0.03896103896103896	0.013143483023001097	0.0	0.11139992573338287	0.032082497851618444	0.0	0.0	0.0	0.0	0.009991805662023208
cell_hetero	rate	role	0.011292346298619823	0.01948051948051948	0.0	0.0	0.08689194207203864	0.0681753079346892	0.0	0.0	0.0	0.0	0.03885702201897914
cell_hetero	rate	variant	0.022584692597239647	0.0	0.0	0.0	0.004455997029335314	0.0	0.0345821325648415	0.008823529411764706	0.0	0.0	0.011102006291136897
cell_hetero	rate	molecular signaling	0.018820577164366373	0.0	0.05257393209200439	0.0	0.011139992573338286	0.032082497851618444	0.0	0.01764705882352941	0.0	0.0	0.004440802516454759
cell_hetero	rate	molecular signature	0.039523212045169384	0.0	0.03285870755750274	0.0	0.025250649832900113	0.02005156115726153	0.0345821325648415	0.04411764705882353	0.0	0.0	0.038486955142607915
cell_hetero	rate	eponym	0.0075282308657465494	0.03896103896103896	0.013143483023001097	0.0	0.004455997029335314	0.0	0.0	0.0	0.0	0.0	0.0033306018873410694
cell_hetero	rate	species	0.0037641154328732747	0.0	0.0	0.0	0.004455997029335314	0.0	0.0	0.0	0.0	0.0	0.0011102006291136897
cell_hetero	rate	state	0.0075282308657465494	0.0	0.006571741511500548	0.0	0.021537318975120685	0.016041248925809222	0.0	0.008823529411764706	0.0	0.0	0.020353678200417644
cell_hetero	rate	disease	0.17879548306148058	0.11688311688311688	0.044906900328587074	0.0	0.07315261789825475	0.004678697603361024	0.34870317002881845	0.19411764705882353	0.0	0.0	0.23887816869762887
cell_hetero	rate	stimulus	0.0	0.0	0.0	0.0	0.0	0.016041248925809222	0.0	0.0	0.0	0.0	0.0
cell_hetero	rate	unknown token	0.011292346298619823	0.0	0.013143483023001097	0.0	0.008911994058670629	0.016041248925809222	0.0	0.01764705882352941	0.0	0.0	0.014432608178477966
filter	value	motif	Epithelial	Endothelial	Mesenchymal/stromal	Muscle	Hematopoietic	Neuronal	Glial	Stem/progenitor	Germ line	Trophoblast/placental	Other
cell_hetero	comp_rate	root	0.35069678039404134	0.28638941398865786	0.4340437788018433	0.43333333333333335	0.33821919949968726	0.3861886125489206	0.4166666666666666	0.32854209445585214	0.4298642533936652	0.405	0.42857142857142855
cell_hetero	comp_rate	anatomical	0.23382988947621336	0.2570888468809074	0.2324308755760369	0.3047619047619048	0.0602720450281426	0.16096452468122716	0.13999999999999999	0.1457905544147844	0.01809954751131222	0.1725	0.2857142857142857
cell_hetero	comp_rate	lineage	0.12311388755406054	0.3005671077504726	0.10627880184331798	0.01904761904761905	0.055737961225766124	0.026638050751167795	0.11666666666666665	0.175564681724846	0.12217194570135746	0.125	0.05291005291005291
cell_hetero	comp_rate	developmental	0.037866410379625175	0.001890359168241966	0.0538594470046083	0.0380952380952381	0.062343652282676694	0.05264486807221312	0.05333333333333332	0.2535934291581109	0.2171945701357466	0.1225	0.037037037037037035
cell_hetero	comp_rate	appearance	0.09130225852955308	0.04064272211720227	0.07402073732718893	0.05238095238095238	0.04569262038774234	0.12397424567605103	0.03533333333333333	0.00513347022587269	0.027149321266968326	0.065	0.05291005291005291
cell_hetero	comp_rate	role	0.01672272945699183	0.003780718336483932	0.012096774193548388	0.02857142857142857	0.09697467166979364	0.055674788536800926	0.0	0.004106776180698152	0.058823529411764705	0.01	0.08994708994708994
cell_hetero	comp_rate	variant	0.04757328207592503	0.03213610586011342	0.012096774193548388	0.0380952380952381	0.0697310819262039	0.027143037495265754	0.019333333333333334	0.008213552361396304	0.03167420814479638	0.0075	0.005291005291005291
cell_hetero	comp_rate	molecular signaling	0.025660740028832292	0.013232514177693762	0.010368663594470046	0.009523809523809525	0.021693245778611637	0.08673147329882593	0.023999999999999997	0.006160164271047228	0.01809954751131222	0.0225	0.021164021164021163
cell_hetero	comp_rate	molecular signature	0.014127823161941373	0.001890359168241966	0.013824884792626729	0.009523809523809525	0.12906504065040653	0.025628077262971852	0.01333333333333333	0.006160164271047228	0.0	0.0	0.0
cell_hetero	comp_rate	eponym	0.016146083613647284	0.005671077504725898	0.0069124423963133645	0.009523809523809525	0.007426516572858038	0.016412069183183945	0.13466666666666666	0.011293634496919919	0.0	0.015	0.0
cell_hetero	comp_rate	species	0.005766458433445459	0.034026465028355386	0.008640552995391706	0.02857142857142857	0.003830519074421514	0.00403989395278374	0.01733333333333333	0.028747433264887063	0.058823529411764705	0.01	0.010582010582010581
cell_hetero	comp_rate	state	0.007208073041806823	0.003780718336483932	0.012096774193548388	0.014285714285714285	0.07188086303939965	0.012877161974498176	0.019999999999999997	0.012320328542094456	0.00904977375565611	0.005	0.0
cell_hetero	comp_rate	disease	0.004324843825084094	0.015122873345935728	0.008640552995391706	0.004761904761904762	0.010201688555347093	0.005681100871102135	0.0	0.00513347022587269	0.0	0.0275	0.010582010582010581
cell_hetero	comp_rate	stimulus	0.0	0.0	0.0	0.0	0.00023452157598499067	0.0030299204645878055	0.0	0.0	0.0	0.0	0.0
cell_hetero	comp_rate	unknown token	0.025660740028832292	0.003780718336483932	0.0146889400921659	0.009523809523809525	0.026696372732958107	0.012372175230400205	0.00933333333333333	0.009240246406570842	0.00904977375565611	0.0125	0.005291005291005291
filter	value	motif	Epithelial	Endothelial	Mesenchymal/stromal	Muscle	Hematopoietic	Neuronal	Glial	Stem/progenitor	Germ line	Trophoblast/placental	Other
cell_hetero	pvalue	root	1.0	1.0	0.20272656413284576	1.0	0.5722139592089025	0.43592479078355856	1.0	1.0	1.0	1.0	0.0005960650678088536
cell_hetero	pvalue	anatomical	0.5396956229454013	0.7511231361281996	0.040729680830840186	1.0	2.533891454901827e-09	0.0007057724148915034	0.4321799120410076	1.0	0.03587150140251019	1.0	3.0837875899966382e-06
cell_hetero	pvalue	lineage	0.1117037323034463	0.36781209071601506	6.226030627793399e-07	1.0	0.018940526052718232	1.0	0.39486087071880926	0.08337111545436232	1.0	1.0	0.916154185331707
cell_hetero	pvalue	developmental	0.06708674238051622	1.0	0.19406958086519316	1.0	0.008287885878033086	0.3826629606237516	1.0	0.04847469368069671	1.0	1.0	0.6167853956984799
cell_hetero	pvalue	appearance	0.0007080883448345222	1.0	0.04440089060355015	1.0	4.058352327670599e-05	0.030960161208933086	1.0	1.0	1.0	1.0	8.263847625360044e-07
cell_hetero	pvalue	role	1.0	1.0	1.0	1.0	0.8210824811319574	0.7777351724303365	1.0	1.0	1.0	1.0	6.735430375742914e-05
cell_hetero	pvalue	variant	0.22131631822369077	1.0	1.0	1.0	2.619786044480296e-06	0.41865262940015535	1.0	1.0	1.0	1.0	0.09296277264840924
cell_hetero	pvalue	molecular signaling	0.7793624369490086	1.0	0.008203981491317333	1.0	0.2509337982565189	0.17230414340250275	1.0	0.296871301039671	1.0	1.0	0.007804559838407893
cell_hetero	pvalue	molecular signature	0.041200139401497506	1.0	0.28300603853125617	1.0	1.298938513111694e-07	1.0	1.0	0.04845186401029861	1.0	1.0	0.0
cell_hetero	pvalue	eponym	0.728705477281939	1.0	0.4097267677333423	1.0	1.0	0.6291829597955149	0.240405782895538	1.0	1.0	1.0	0.0
cell_hetero	pvalue	species	1.0	1.0	1.0	1.0	0.5767041111048576	1.0	1.0	0.4148988520804591	1.0	1.0	0.017813260719508308
cell_hetero	pvalue	state	0.6179277312153548	1.0	1.0	1.0	0.0017302830324976743	0.5522718608708825	1.0	1.0	1.0	1.0	0.0
cell_hetero	pvalue	disease	1.9345138212733093e-31	0.015968591646732703	0.02843198651592399	1.0	2.068309530934141e-09	1.0	0.0	9.691271573697707e-15	1.0	1.0	2.6942815214771034e-109
cell_hetero	pvalue	stimulus	1.0	1.0	1.0	1.0	1.0	0.17150148783536842	1.0	1.0	1.0	1.0	1.0
cell_hetero	pvalue	unknown token	0.7793624369490086	1.0	1.0	1.0	0.14023411470404223	0.5378471332926785	1.0	0.41089010353631755	1.0	1.0	0.034128681505185644
filter	value	motif	Epithelial	Endothelial	Mesenchymal/stromal	Muscle	Hematopoietic	Neuronal	Glial	Stem/progenitor	Germ line	Trophoblast/placental	Other
cell_hetero	qvalue	root	1.0	1.0	0.412961519529871	1.0	0.9196295773000218	0.7415215513328574	1.0	1.0	1.0	1.0	0.0026822928051398413
cell_hetero	qvalue	anatomical	0.8846004415826941	1.0	0.11520681149294795	1.0	2.2004846845200075e-08	0.003129497595474004	0.7384791809173054	1.0	0.10323484415257293	1.0	1.8615547037174826e-05
cell_hetero	qvalue	lineage	0.25699930375274016	0.6605300762722089	4.4026930867967615e-06	1.0	0.06009974612881747	1.0	0.6980576107350378	0.2032940992606372	1.0	1.0	1.0
cell_hetero	qvalue	developmental	0.17179057369728643	1.0	0.3969605063151678	1.0	0.029095769571818277	0.6789181559453658	1.0	0.13040746397796124	1.0	1.0	0.9618686382125806
cell_hetero	qvalue	appearance	0.003129497595474004	1.0	0.12417198219636906	1.0	0.00021146151602073122	0.09122190356203498	1.0	1.0	1.0	1.0	5.7614148937369315e-06
cell_hetero	qvalue	role	1.0	1.0	1.0	1.0	1.0	1.0	1.0	1.0	1.0	1.0	0.0003402079628564023
cell_hetero	qvalue	variant	0.44533161593791437	1.0	1.0	1.0	1.6209926150221832e-05	0.7245910893464228	1.0	1.0	1.0	1.0	0.22230228242010908
cell_hetero	qvalue	molecular signaling	1.0	1.0	0.029006934558586286	1.0	0.4845240641298824	0.3598757425495311	1.0	0.5407917760987974	1.0	1.0	0.02781531781813595
cell_hetero	qvalue	molecular signature	0.11587539206671173	1.0	0.5226939676688653	1.0	1.004647756234826e-06	1.0	1.0	0.13040746397796124	1.0	1.0	0.0
cell_hetero	qvalue	eponym	1.0	1.0	0.7212432668456638	1.0	1.0	0.9734435302519276	0.4741070220449852	1.0	1.0	1.0	0.0
cell_hetero	qvalue	species	1.0	1.0	1.0	1.0	0.9208662419254985	1.0	1.0	0.7245910893464228	1.0	1.0	0.05688751003972008
cell_hetero	qvalue	state	0.9618686382125806	1.0	1.0	1.0	0.007137417509052906	0.8992584576680489	1.0	1.0	1.0	1.0	0.0
cell_hetero	qvalue	disease	5.039917587001516e-30	0.05166309062178227	0.08427445105019386	1.0	1.8282378889507136e-08	1.0	0.0	1.1421855783286583e-13	1.0	1.0	9.526209665222616e-108
cell_hetero	qvalue	stimulus	1.0	1.0	1.0	1.0	1.0	0.3598757425495311	1.0	1.0	1.0	1.0	1.0
cell_hetero	qvalue	unknown token	1.0	1.0	1.0	1.0	0.30579685805507006	0.8844994384713484	1.0	0.7212432668456638	1.0	1.0	0.09937469026509937
